{"vertices": [[0.6142141466074709, 0.0, 0.3921795677048454], [0.3954568170151912, 0.0, 0.7710783770867646], [-0.04205784216936842, 0.0, 0.7710783770867647], [-0.2608151717616483, 0.0, 0.39217956770484547], [-0.0420578421693687, 0.0, 0.013280758322926245], [0.3954568170151912, 0.0, 0.013280758322926134], [-0.25579117654491074, 1.5625268880566674, 0.7616721980875214], [0.1766994874229113, 0.0, 0.3921795677048454], [0.5163161979459976, 0.0, -0.4734640303161364], [0.26083574302468004, 0.0, -0.03095890205160412], [-0.2501251668179551, 0.0, -0.030958902051604065], [-0.5056056217392728, 0.0, -0.4734640303161363], [-0.25012516681795544, 0.0, -0.9159691585806685], [0.26083574302468004, 0.0, -0.9159691585806686], [-0.8021460848424313, 1.7173470815735403, -0.9566602831527891], [0.005355288103362388, 0.0, -0.4734640303161364], [0.7142079027656703, 0.0, 0.30943045667782665], [0.40173679332078954, 0.0, 0.8506462941337753], [-0.22320542556897194, 0.0, 0.8506462941337755], [-0.5356765350138528, 0.0, 0.3094304566778267], [-0.22320542556897233, 0.0, -0.23178538077812194], [0.40173679332078954, 0.0, -0.23178538077812205], [0.1790180508345417, 1.9970941267166213, -0.24887593511325], [0.08926568387590872, 0.0, 0.30943045667782665], [0.3583891257281855, 0.0, 0.4572130722067812], [0.006934312769983575, 0.0, 1.0659506648150034], [-0.6959753131464204, 0.0, 1.0659506648150037], [-1.0474301261046224, 0.0, 0.4572130722067813], [-0.6959753131464208, 0.0, -0.15152452040144104], [0.006934312769983575, 0.0, -0.15152452040144115], [-0.04409225692891594, 1.5162468991951525, 0.21499341322915913], [-0.34452050018821845, 0.0, 0.4572130722067812], [0.450098953056965, 0.0, 0.3071282732743802], [0.27691249221192804, 0.0, 0.6070960226410222], [-0.06946042947814585, 0.0, 0.6070960226410222], [-0.24264689032318287, 0.0, 0.30712827327438025], [-0.06946042947814607, 0.0, 0.007160523907738248], [0.27691249221192804, 0.0, 0.007160523907738192], [-0.8405570726106935, 2.341486362781567, 1.120781593220379], [0.10372603136689107, 0.0, 0.3071282732743802], [0.6201546770005774, 0.0, 0.32940466425299486], [0.33609765413690224, 0.0, 0.8214058600996345], [-0.23201639159044807, 0.0, 0.8214058600996346], [-0.5160734144541234, 0.0, 0.3294046642529949], [-0.23201639159044846, 0.0, -0.16259653159364462], [0.33609765413690224, 0.0, -0.16259653159364473], [1.624833306646475, 3.324329466734545, -0.07438708478853878], [0.052040631273227, 0.0, 0.32940466425299486]], "faces": [[0, 1, 6], [1, 2, 6], [2, 3, 6], [3, 4, 6], [4, 5, 6], [5, 0, 6], [1, 0, 7], [2, 1, 7], [3, 2, 7], [4, 3, 7], [5, 4, 7], [0, 5, 7], [8, 9, 14], [9, 10, 14], [10, 11, 14], [11, 12, 14], [12, 13, 14], [13, 8, 14], [9, 8, 15], [10, 9, 15], [11, 10, 15], [12, 11, 15], [13, 12, 15], [8, 13, 15], [16, 17, 22], [17, 18, 22], [18, 19, 22], [19, 20, 22], [20, 21, 22], [21, 16, 22], [17, 16, 23], [18, 17, 23], [19, 18, 23], [20, 19, 23], [21, 20, 23], [16, 21, 23], [24, 25, 30], [25, 26, 30], [26, 27, 30], [27, 28, 30], [28, 29, 30], [29, 24, 30], [25, 24, 31], [26, 25, 31], [27, 26, 31], [28, 27, 31], [29, 28, 31], [24, 29, 31], [32, 33, 38], [33, 34, 38], [34, 35, 38], [35, 36, 38], [36, 37, 38], [37, 32, 38], [33, 32, 39], [34, 33, 39], [35, 34, 39], [36, 35, 39], [37, 36, 39], [32, 37, 39], [40, 41, 46], [41, 42, 46], [42, 43, 46], [43, 44, 46], [44, 45, 46], [45, 40, 46], [41, 40, 47], [42, 41, 47], [43, 42, 47], [44, 43, 47], [45, 44, 47], [40, 45, 47]], "colors": [[0.2, 0.8, 1.0], [0.2, 0.8, 1.0], [0.2, 0.8, 1.0], [0.2, 0.8, 1.0], [0.2, 0.8, 1.0], [0.2, 0.8, 1.0], [1, 1, 1], [0.2, 0.8, 1.0], [0.2, 0.8, 1.0], [0.2, 0.8, 1.0], [0.2, 0.8, 1.0], [0.2, 0.8, 1.0], [0.2, 0.8, 1.0], [0.2, 0.8, 1.0], [1, 1, 1], [0.2, 0.8, 1.0], [0.2, 0.8, 1.0], [0.2, 0.8, 1.0], [0.2, 0.8, 1.0], [0.2, 0.8, 1.0], [0.2, 0.8, 1.0], [0.2, 0.8, 1.0], [1, 1, 1], [0.2, 0.8, 1.0], [0.2, 0.8, 1.0], [0.2, 0.8, 1.0], [0.2, 0.8, 1.0], [0.2, 0.8, 1.0], [0.2, 0.8, 1.0], [0.2, 0.8, 1.0], [1, 1, 1], [0.2, 0.8, 1.0], [0.2, 0.8, 1.0], [0.2, 0.8, 1.0], [0.2, 0.8, 1.0], [0.2, 0.8, 1.0], [0.2, 0.8, 1.0], [0.2, 0.8, 1.0], [1, 1, 1], [0.2, 0.8, 1.0], [0.2, 0.8, 1.0], [0.2, 0.8, 1.0], [0.2, 0.8, 1.0], [0.2, 0.8, 1.0], [0.2, 0.8, 1.0], [0.2, 0.8, 1.0], [1, 1, 1], [0.2, 0.8, 1.0]]}